SNP,FI_total,FI_main,FI_interact,MAF,Rank,Gene,Pathway
rs107,3.3766863527319053,0.0,3.3766863527319053,0.25,1,,
rs106,2.8580899735984246,0.0,2.8580899735984246,0.06666667014360428,2,,
rs102,2.736520403358848,0.0,2.736520403358848,0.32499998807907104,3,,
rs108,2.2323323149110132,0.0,2.2323323149110132,0.14166666567325592,4,,
rs104,2.1706485955217376,0.0,2.1706485955217376,0.25,5,,
rs105,1.6761473622990806,0.0,1.6761473622990806,0.36666667461395264,6,,
rs101,1.3899051013540429,0.0,1.3899051013540429,0.4583333432674408,7,,
rs103,0.7108106009866798,0.0,0.7108106009866798,0.3083333373069763,8,,
