hyperedge,order,fi_gain,pval,beta_hat,info
rs106|rs107,2,3.265700508971495,nan,0.7577984469105081,11.373625598196089
rs102|rs107,2,1.7152008230200526,nan,0.41324759714950715,20.087426376755193
rs101|rs102,2,1.4421667058999605,nan,-0.4855839405979781,12.232545236598138
rs104|rs105,2,1.290800063735504,nan,0.388608570407242,17.094807912396966
rs105|rs107,2,1.2510852582980987,nan,-0.4224610390272857,14.019856768862953
rs102|rs104,2,1.071877164735371,nan,-0.31743233505528967,21.275152747506475
rs103|rs108,2,1.042533010722737,nan,-0.38027087946879984,14.418951226315185
rs104|rs108,2,1.0385913559735784,nan,-0.41622726641193086,11.989847127964518
rs106|rs108,2,1.0174236222765263,nan,-0.4854604808314015,8.63423866243303
rs102|rs108,2,0.8521801770980068,nan,-0.3679639819301112,12.587828098196317
rs105|rs106,2,0.5872604638410686,nan,-0.252451038265352,18.429198045406924
rs101|rs106,2,0.4489338152192574,nan,-0.30473903308178546,9.66843416584441
rs101|rs104,2,0.4070612959686377,nan,-0.2747933052539285,10.781458383678162
rs101|rs108,2,0.30287425528108963,nan,-0.186134667263455,17.48388013488581
rs104|rs107,2,0.2962962928135718,nan,-0.20740742281203575,13.775507995883775
rs102|rs106,2,0.2411277582608408,nan,-0.16978446685606224,16.72943576626595
rs105|rs108,2,0.16676502208568447,nan,-0.14015875807616904,16.9783108131993
rs104|rs106,2,0.14613526489890064,nan,0.16030351654085637,11.373625598196089
rs102|rs103,2,0.1438093323492605,nan,0.1308405439371299,16.80089369253492
rs101|rs107,2,0.13603146668812105,nan,0.11687486030422481,19.917148743039785
rs103|rs104,2,0.09053575291791179,nan,0.11592373039409433,13.474275317650719
rs103|rs105,2,0.04867291529960066,nan,-0.07784428016808602,16.06437897318002
rs103|rs107,2,0.04476116928806867,nan,0.07025473078317883,18.137618834158417
rs107|rs108,2,0.04429718638440381,nan,-0.08595996816313994,11.989847127964518
rs101|rs103,2,0.041710507667019905,nan,-0.07025752510624513,16.900119555143682
rs103|rs106,2,0.00959851372876119,nan,0.03530917232215892,15.397808397262633
rs102|rs105,2,0.00667884535420471,nan,0.02689746845533827,18.463267828899642
rs101|rs105,2,0.0010321559839993207,nan,0.011607352842148222,15.321770667504147
