P,pairs_tested,seconds
200,4000,0.49718260765075684
400,4000,0.4607963562011719
800,4000,0.5170109272003174
1200,4000,0.48411035537719727
1600,4000,0.5374183654785156
